Time,Interest Rate
0.0,0.02
0.5,0.024967141530112327
1.0,0.02358449851840048
1.5,0.030061383899407407
2.0,0.045291682463487665
2.5,0.042950148716254306
3.0,0.0406087791467625
3.5,0.05640090730183642
4.0,0.06407525459336551
4.5,0.059380510734015984
5.0,0.06480611116987563
5.5,0.060171934241751004
6.0,0.055514636706048434
6.5,0.057934259421708774
7.0,0.038801456975130794
7.5,0.021552278650000464
8.0,0.015929403357590737
8.5,0.005801092154246498
9.0,0.008943565480199237
9.5,0.0
